{
    "$schema": "https://schema.management.azure.com/schemas/2018-05-01/subscriptionDeploymentTemplate.json#",
    "contentVersion": "1.0.0.0",
    "parameters": {
        "name": {
            "type": "string",
            "metadata": {
                "description": "Base name for all resources"
            }
        },
        "location": {
            "type": "string",
            "defaultValue": "[deployment().location]",
            "metadata": {
                "description": "Azure region for deployment"
            }
        }
    },
    "variables": {
        "rgName": "[format('rg-{0}', parameters('name'))]",
        "nsgName": "[format('nsg-{0}', parameters('name'))]",
        "vnetName": "[format('vnet-{0}', parameters('name'))]",
        "apimName": "[format('apim-{0}', parameters('name'))]"
    },
    "resources": [
        {
            "type": "Microsoft.Resources/resourceGroups",
            "apiVersion": "2021-04-01",
            "name": "[variables('rgName')]",
            "location": "[parameters('location')]",
            "properties": {}
        },
        {
            "type": "Microsoft.Resources/deployments",
            "apiVersion": "2021-04-01",
            "name": "resources",
            "resourceGroup": "[variables('rgName')]",
            "dependsOn": [
                "[resourceId('Microsoft.Resources/resourceGroups', variables('rgName'))]"
            ],
            "properties": {
                "mode": "Incremental",
                "template": {
                    "$schema": "https://schema.management.azure.com/schemas/2019-04-01/deploymentTemplate.json#",
                    "contentVersion": "1.0.0.0",
                    "resources": [
                        {
                            "type": "Microsoft.Network/networkSecurityGroups",
                            "apiVersion": "2021-02-01",
                            "name": "[variables('nsgName')]",
                            "location": "[parameters('location')]",
                            "properties": {
                                "securityRules": [
                                    {
                                        "name": "Management",
                                        "properties": {
                                            "priority": 100,
                                            "protocol": "Tcp",
                                            "access": "Allow",
                                            "direction": "Inbound",
                                            "sourceAddressPrefix": "ApiManagement",
                                            "sourcePortRange": "*",
                                            "destinationAddressPrefix": "VirtualNetwork",
                                            "destinationPortRange": "3443"
                                        }
                                    },
                                    {
                                        "name": "ClientComm",
                                        "properties": {
                                            "priority": 110,
                                            "protocol": "Tcp",
                                            "access": "Allow",
                                            "direction": "Inbound",
                                            "sourceAddressPrefix": "Internet",
                                            "sourcePortRange": "*",
                                            "destinationAddressPrefix": "VirtualNetwork",
                                            "destinationPortRange": "443"
                                        }
                                    }
                                ]
                            }
                        },
                        {
                            "type": "Microsoft.Network/virtualNetworks",
                            "apiVersion": "2021-02-01",
                            "name": "[variables('vnetName')]",
                            "location": "[parameters('location')]",
                            "dependsOn": [
                                "[resourceId('Microsoft.Network/networkSecurityGroups', variables('nsgName'))]"
                            ],
                            "properties": {
                                "addressSpace": {
                                    "addressPrefixes": [
                                        "10.0.0.0/16"
                                    ]
                                },
                                "subnets": [
                                    {
                                        "name": "apim",
                                        "properties": {
                                            "addressPrefix": "10.0.1.0/24",
                                            "networkSecurityGroup": {
                                                "id": "[resourceId('Microsoft.Network/networkSecurityGroups', variables('nsgName'))]"
                                            },
                                            "privateEndpointNetworkPolicies": "Disabled",
                                            "privateLinkServiceNetworkPolicies": "Enabled"
                                        }
                                    }
                                ]
                            }
                        },
                        {
                            "type": "Microsoft.ApiManagement/service",
                            "apiVersion": "2021-08-01",
                            "name": "[variables('apimName')]",
                            "location": "[parameters('location')]",
                            "dependsOn": [
                                "[resourceId('Microsoft.Network/virtualNetworks', variables('vnetName'))]"
                            ],
                            "sku": {
                                "name": "Developer",
                                "capacity": 1
                            },
                            "properties": {
                                "publisherEmail": "admin@contoso.com",
                                "publisherName": "Contoso API Management",
                                "virtualNetworkType": "Internal",
                                "virtualNetworkConfiguration": {
                                    "subnetResourceId": "[resourceId('Microsoft.Network/virtualNetworks/subnets', variables('vnetName'), 'apim')]"
                                }
                            }
                        }
                    ]
                }
            }
        }
    ],
    "outputs": {
        "resourceGroup": {
            "type": "string",
            "value": "[variables('rgName')]"
        },
        "apimName": {
            "type": "string",
            "value": "[variables('apimName')]"
        }
    }
}