{
    "timestamp":  "2025-02-27T05:16:43.5890684-05:00",
    "components":  {
                       "releases":  [
                                        {
                                            "hash":  "F6EF6A676E152E14E7DCBDB61FDFB386B6A04B4484A35A865E7599790E0AEE04",
                                            "name":  "apim-minimal-indexed-1.0.0.zip",
                                            "size":  8694
                                        }
                                    ],
                       "source":  [
                                      {
                                          "hash":  "88C9538D7430FE39D554D32FA070E76B98CC50E8E66DE55060E0CF1C0666B432",
                                          "name":  "archive-solution.ps1",
                                          "size":  4247
                                      },
                                      {
                                          "hash":  "2F82657FBA63D319FF56553E5301041EC8A5A8BD4BA47531F1B57DC8258A8774",
                                          "name":  "azuredeploy.parameters.json",
                                          "size":  434
                                      },
                                      {
                                          "hash":  "268686DD20BA67602A1604B487A50FF5B7C135014B9B5C711F284B2306C55161",
                                          "name":  "CHANGELOG.md",
                                          "size":  3293
                                      },
                                      {
                                          "hash":  "A5A5C4EC99178FCFBF6F8E20CE1158BC296DAD5B037A1EF5AFC70B84C58B373F",
                                          "name":  "CHECKLIST.md",
                                          "size":  3720
                                      },
                                      {
                                          "hash":  "4E6E60E8B3A64E61DC2C5F10479DED8E1C9920D87680F9A001237D5883EAC202",
                                          "name":  "cleanup.ps1",
                                          "size":  1857
                                      },
                                      {
                                          "hash":  "1FE9C71D37673380B9680D8744A2078044EBB882B214F1CB2C3031451DFB6746",
                                          "name":  "COMPLETION.md",
                                          "size":  3502
                                      },
                                      {
                                          "hash":  "B07B23BFEC7CAAA415DE9FE153002F596CB1381781262CF7C4C7167BEEC29B8C",
                                          "name":  "copy-files.ps1",
                                          "size":  5820
                                      },
                                      {
                                          "hash":  "B056A8DDA71FF64ECDB16C08F96E81A4B46961457924DE7F15A7E1EC4B43F95F",
                                          "name":  "create-package.ps1",
                                          "size":  4475
                                      },
                                      {
                                          "hash":  "FBB50EEE46E5C3D743F318F3FD577ECC6A24BD5D4B5EF8C9F3822EABE60A5F51",
                                          "name":  "deploy-arm.ps1",
                                          "size":  8695
                                      },
                                      {
                                          "hash":  "100AFCC419D837E967D1E22C3EB14AB73CFA8C2483020EAE40ADD0795650DC80",
                                          "name":  "deploy-basic.json",
                                          "size":  6354
                                      },
                                      {
                                          "hash":  "24A942AACE3378E9820DB509FE9B4F70E7C0F0120764AFFCAFAA6E49399EECF5",
                                          "name":  "deploy-basic.ps1",
                                          "size":  5501
                                      },
                                      {
                                          "hash":  "88C1B78FD9AE61F89F8D353C21DBC107DC94311362DD5F1045555E4BFBF7ED30",
                                          "name":  "deploy-folder.ps1",
                                          "size":  7355
                                      },
                                      {
                                          "hash":  "C5E251C346132EB25C718EDFB75F025F0E6F34613C392B495315968A9CF8269C",
                                          "name":  "deploy-min.json",
                                          "size":  7074
                                      },
                                      {
                                          "hash":  "CE7651E6682BD9B51202FEA91509239840995790F0B67292A767CA08DF1D5B4E",
                                          "name":  "deploy-min.ps1",
                                          "size":  3061
                                      },
                                      {
                                          "hash":  "BD34505698B88CEBF7CEEBB7CF8B37141AB9C30ECA6881F5720FA99371082D81",
                                          "name":  "deploy-minimal.ps1",
                                          "size":  3167
                                      },
                                      {
                                          "hash":  "EBA7D75346DC400A593D97CAFA14FBB60C4690943804FA370ABC7EA55EAE092F",
                                          "name":  "deploy-modular.ps1",
                                          "size":  2453
                                      },
                                      {
                                          "hash":  "BAB343D6B2D30F20EEAEDB4CB3CD2CFC7BF48FA1EB28FB1386114555A4D8E959",
                                          "name":  "deploy-simple.ps1",
                                          "size":  2632
                                      },
                                      {
                                          "hash":  "62CDFF77B5C9E7CB9EC6B3BF1DBBC29FAC52CD5032BF494B4094C91734243C7F",
                                          "name":  "deploy-unified.ps1",
                                          "size":  2617
                                      },
                                      {
                                          "hash":  "B89F72685F21F9173B5D1C9AB29C575F9E595A64FCB421B5A5C706861376BE0A",
                                          "name":  "deploy.ps1",
                                          "size":  4213
                                      },
                                      {
                                          "hash":  "5FAD164DF7CAB0BE05A40C3EF7255A0E4A2262FBF0724B43DAB1A7D27DF1F479",
                                          "name":  "FINAL_SUMMARY.md",
                                          "size":  4689
                                      },
                                      {
                                          "hash":  "0FB1AD693794F8568C858680DFF801114C9F87B237BB242A00344F1642268A8E",
                                          "name":  "GUIDE.md",
                                          "size":  4758
                                      },
                                      {
                                          "hash":  "6D8CCED214BC288880923D218D74A65F702DE64C537458F1C21A626868D0BC24",
                                          "name":  "health-check-apim-apim-dev-eastus-bme-20250227031713.json",
                                          "size":  579
                                      },
                                      {
                                          "hash":  "F8DE95D34E2D8C247352B247581B52258169B6CB1A22DBD8CC127FCA8AD098CC",
                                          "name":  "health-check-apim-apim-dev-eastus-m002-20250227031716.json",
                                          "size":  580
                                      },
                                      {
                                          "hash":  "F9972027C9670A2398D6C3D5677F0C211BCCB44DC4F310B24FD04347D314EABD",
                                          "name":  "health-check-apim-apim-dev-eastus-mdl001-20250227031716.json",
                                          "size":  582
                                      },
                                      {
                                          "hash":  "87A2BA1FC3C21F97BEB9933B54C1D1B9288C0A0E4D566DBBF3A11AE7296871F3",
                                          "name":  "health-check-apim-apim-dev-eastus-min001-20250227031714.json",
                                          "size":  582
                                      },
                                      {
                                          "hash":  "90CB677E16B570AAA05A667EABED684B1DA18FC4995A849DD00ECB5721FC734A",
                                          "name":  "health-check-apim-apim-dev-eastus-min002-20250227031715.json",
                                          "size":  582
                                      },
                                      {
                                          "hash":  "03204B1E73A82DD1C3106A93FC1DC3E5A669223DB65AA232D1D97FB80519716E",
                                          "name":  "health-check-apim-apim-dev-eastus-min003-20250227031715.json",
                                          "size":  582
                                      },
                                      {
                                          "hash":  "FA64C05747E577E96AEE490E05B0361B168061A258B6427C46C3D8B5FCD0BC2B",
                                          "name":  "health-check-apim-apim-dev-eastus-Pcb-20250227031714.json",
                                          "size":  579
                                      },
                                      {
                                          "hash":  "10F2C53C4EF0C18D0D69AB7A0100AA3A37626D13E72EE2D438A92F266E388338",
                                          "name":  "health-check-apim-apim-dev-eastus-qxD-20250227031714.json",
                                          "size":  579
                                      },
                                      {
                                          "hash":  "63786B4BA2B932AE35811F4033F582233D773010DC794717C6FC5A4C56808979",
                                          "name":  "health-check-apim-apim-dev-eastus-unif002-20250227031715.json",
                                          "size":  583
                                      },
                                      {
                                          "hash":  "518B15427A35CCD8A9FA00A4DD438000D3F4469D1CA768B4DA619F892A436A83",
                                          "name":  "health-check-apimdev865-20250227031716.json",
                                          "size":  910
                                      },
                                      {
                                          "hash":  "A95C3D432719806590F8DE37875792DDF5F11BFCAB0C4AF0980CD8E86C6F3BFC",
                                          "name":  "health-check.ps1",
                                          "size":  5604
                                      },
                                      {
                                          "hash":  "E5A00A37401701FBDE13F9AF60CEA41A257C98978DF4C757080029A47B7F3B45",
                                          "name":  "INDEX.md",
                                          "size":  4405
                                      },
                                      {
                                          "hash":  "7F512631D274B0201D085111CBA8AD0DAF088A4A6EC43077141104C8E35BD477",
                                          "name":  "LICENSE",
                                          "size":  1769
                                      },
                                      {
                                          "hash":  "812776E1F4D64185330E4BE59B22ECEEF3C2E0C9E39B00C5B02EA7D79866260F",
                                          "name":  "MAINTENANCE.md",
                                          "size":  4923
                                      },
                                      {
                                          "hash":  "542EC8823F3EFC1D1CF788FF7DC040F06A01BCA835C5A22CE644997F92903F2F",
                                          "name":  "monitor.ps1",
                                          "size":  4334
                                      },
                                      {
                                          "hash":  "255A6288ABAE832C3E06D27548117971C3AA395F882CBDD5E4D24C99C02C7B44",
                                          "name":  "parameters.example.json",
                                          "size":  1030
                                      },
                                      {
                                          "hash":  "84AC78B4A52137CB57EDE90284028D221DD1B43B6855C8D595693588AFE0F3DF",
                                          "name":  "parameters.json",
                                          "size":  773
                                      },
                                      {
                                          "hash":  "CA1FD43DDA736AE00C05D9877F800965B6C99FB5CD161609A04206E4EE717E11",
                                          "name":  "QUICKSTART.md",
                                          "size":  3375
                                      },
                                      {
                                          "hash":  "6D0153C6BA1DA576D67D0FB63DA6B8A5749EB0BD70DCB33088FC301E69E1C0BC",
                                          "name":  "README.md",
                                          "size":  3861
                                      },
                                      {
                                          "hash":  "167227A09236BB61B6C4ACB2D7DE4A8F5CC9603077A166CF428D175378CBA766",
                                          "name":  "RELEASE_NOTES.md",
                                          "size":  3674
                                      },
                                      {
                                          "hash":  "87ECB6D1A16AD1C85CAE1BF23F32CB10179FE705A2B09FF0E8A368A5EE4B560A",
                                          "name":  "RELEASE_README.md",
                                          "size":  3554
                                      },
                                      {
                                          "hash":  "5C6AC14ADCD4EF0E8FA1B0FFBFA0C3FE8E624A5764E20B79E20EC666F3E9554F",
                                          "name":  "RELEASE_VALIDATION.md",
                                          "size":  4207
                                      },
                                      {
                                          "hash":  "4A619C7CF9D8E143D60309D5D0A1C38AF3730876BDA1D9C869E4E6C8C5DADF41",
                                          "name":  "SIGNATURE.md",
                                          "size":  2496
                                      },
                                      {
                                          "hash":  "FCB168F60E65F06355FF1042587D25E653E12AB3828B316790942E64C046AF05",
                                          "name":  "SUMMARY.md",
                                          "size":  3590
                                      },
                                      {
                                          "hash":  "2CF7A08A7B1D4CD501A420D0FF49630D75D225ABD246C570F0F96814B5ED8063",
                                          "name":  "test-deployment.ps1",
                                          "size":  3975
                                      },
                                      {
                                          "hash":  "3DF3912209F903429037DDEBBD2B32EF4E84A5617726EEC5B1BE92A3F5BAEFF6",
                                          "name":  "test-package.ps1",
                                          "size":  5729
                                      },
                                      {
                                          "hash":  "6FC3EBDF29D6E6AC8E7F5B56496203FDBD0220BE1F5D81E7485FDF38648BA1B8",
                                          "name":  "test-solution.ps1",
                                          "size":  5475
                                      },
                                      {
                                          "hash":  "01000B3E0CFAFDAFB9A14478C7AE86E8DF6469C37915211D8193E3834E40FF6D",
                                          "name":  "TROUBLESHOOTING.md",
                                          "size":  4825
                                      },
                                      {
                                          "hash":  "25C4FFF7DF94AB4F3680C9BB36F0AB8419EDB6E1B194E78A99B61D1CCDEEF68F",
                                          "name":  "validate.ps1",
                                          "size":  3919
                                      },
                                      {
                                          "hash":  "4FE731D9F64E021767DB6CE4DF49749F85EACE3B783406DE1DBCBB6D3865F28A",
                                          "name":  "VERIFICATION.md",
                                          "size":  4117
                                      },
                                      {
                                          "hash":  "621360971E4991E38822280E32368D107B194CECCD3A06D868AAE94A65AF60A4",
                                          "name":  "verify-config.ps1",
                                          "size":  6238
                                      },
                                      {
                                          "hash":  "D3B064C8A50E0E6B2141539CC116D6968E961008BF520204B4BB1E5D0902DE45",
                                          "name":  "verify-release.ps1",
                                          "size":  5953
                                      },
                                      {
                                          "hash":  "AAC8D313467DF9BE33EFD19E26B50BA07054A81DFFFB9A96C71447D2616DFBB2",
                                          "name":  "version.json",
                                          "size":  4029
                                      }
                                  ]
                   },
    "location":  ".\\final-archive\\20250227051642"
}
