{
    "$schema": "https://schema.management.azure.com/schemas/2019-04-01/deploymentParameters.json#",
    "contentVersion": "1.0.0.0",
    "parameters": {
        "name": {
            "value": "apimbase"
        },
        "location": {
            "value": "eastus"
        },
        "environment": {
            "value": {
                "publisherEmail": "admin@contoso.com",
                "publisherName": "Contoso API Management",
                "sku": {
                    "name": "Developer",
                    "capacity": 1
                },
                "network": {
                    "vnetAddressPrefix": "10.0.0.0/16",
                    "apimSubnetPrefix": "10.0.0.0/24"
                }
            }
        }
    }
}